location,year,load_curve,status,Ppvinst_kw,C_kwh,PinverterBESS_kw,lcoe_gross_usd_per_mwh,lcoe_net_usd_per_mwh,error_msg
Barranquilla,2005,datacenter,Optimal,5000.0,11252.75,1921.95,76.3986,-55.9362,
Barranquilla,2005,industria1,Optimal,1259.4,767.66,243.89,67.0554,-56.9777,
Barranquilla,2005,industria2,Optimal,1976.21,2818.35,532.36,74.7809,-65.1808,
Barranquilla,2006,datacenter,Optimal,5000.0,10886.88,1905.55,75.1572,-54.2171,
Barranquilla,2006,industria1,Optimal,1258.94,761.23,270.9,67.1107,-56.0869,
Barranquilla,2006,industria2,Optimal,2024.17,2736.28,508.23,74.8726,-62.247,
Barranquilla,2007,datacenter,Optimal,5000.0,11377.49,1957.9,76.8616,-75.4261,
Barranquilla,2007,industria1,Optimal,1530.94,1435.91,351.8,89.0671,-81.3671,
Barranquilla,2007,industria2,Optimal,2273.23,3229.91,585.54,85.2148,-87.5547,
Barranquilla,2008,datacenter,Optimal,5000.0,11663.38,2042.5,77.9256,-89.267,
Barranquilla,2008,industria1,Optimal,1650.69,1783.36,493.5,100.3149,-99.8126,
Barranquilla,2008,industria2,Optimal,2496.87,3552.95,632.8,93.2287,-103.122,
Barranquilla,2009,datacenter,Optimal,5000.0,11679.42,1994.85,77.9167,-100.6967,
Barranquilla,2009,industria1,Optimal,2458.28,1783.03,552.99,129.874,-134.4728,
Barranquilla,2009,industria2,Optimal,3258.58,3601.08,750.9,109.9714,-129.6071,
Barranquilla,2010,datacenter,Optimal,5000.0,10768.88,1938.1,74.8064,-110.2937,
Barranquilla,2010,industria1,Optimal,2457.32,2106.79,659.97,136.1217,-149.2328,
Barranquilla,2010,industria2,Optimal,3495.27,4226.01,924.26,121.7253,-145.1566,
Barranquilla,2011,datacenter,Optimal,5000.0,11564.15,2022.5,77.5686,-86.9348,
Barranquilla,2011,industria1,Optimal,1586.69,1796.98,558.05,98.6733,-95.0709,
Barranquilla,2011,industria2,Optimal,2397.96,3527.88,685.11,91.1311,-100.3086,
Barranquilla,2012,datacenter,Optimal,5000.0,12553.06,2155.1,81.0396,-123.8194,
Barranquilla,2012,industria1,Optimal,2365.12,1948.55,526.31,129.1729,-153.7642,
Barranquilla,2012,industria2,Optimal,3302.68,4143.66,841.07,116.5926,-151.1206,
Barranquilla,2013,datacenter,Optimal,5000.0,12398.0,2099.15,80.4493,-151.3302,
Barranquilla,2013,industria1,Optimal,3072.48,2752.26,849.92,170.7041,-248.5279,
Barranquilla,2013,industria2,Optimal,3808.11,4947.24,1064.86,135.8833,-218.5566,
Barranquilla,2014,datacenter,Optimal,5000.0,11790.79,2004.05,78.3001,-163.8399,
Barranquilla,2014,industria1,Optimal,3521.05,3808.38,1057.73,206.4439,-308.1886,
Barranquilla,2014,industria2,Optimal,4161.8,5907.77,1207.37,153.2591,-253.4536,
Barranquilla,2015,datacenter,Optimal,5000.0,9365.33,1711.8,69.8301,-161.145,
Barranquilla,2015,industria1,Optimal,4869.12,9175.43,1813.79,352.4082,-393.3303,
Barranquilla,2015,industria2,Optimal,5000.0,9748.9,1802.25,210.8819,-294.1441,
Barranquilla,2016,datacenter,Optimal,5000.0,9330.47,1768.1,69.7876,-116.0808,
Barranquilla,2016,industria1,Optimal,3172.22,3145.36,887.44,181.3106,-239.0781,
Barranquilla,2016,industria2,Optimal,3974.32,5340.97,1120.27,143.4348,-197.1567,
Barranquilla,2017,datacenter,Optimal,5000.0,9937.85,1760.45,71.8028,-44.65,
Barranquilla,2017,industria1,Optimal,1411.69,403.97,116.64,65.4498,-53.878,
Barranquilla,2017,industria2,Optimal,2153.65,2413.95,419.87,74.0353,-54.5997,
Barranquilla,2018,datacenter,Optimal,5000.0,9840.11,1774.65,71.4955,-49.7066,
Barranquilla,2018,industria1,Optimal,1586.56,471.57,144.26,73.1123,-62.3525,
Barranquilla,2018,industria2,Optimal,2488.4,2564.97,429.07,82.5098,-61.645,
Barranquilla,2019,datacenter,Optimal,5000.0,8629.63,1605.1,67.2373,-78.3522,
Barranquilla,2019,industria1,Optimal,2643.98,1734.64,574.25,135.8922,-139.7528,
Barranquilla,2019,industria2,Optimal,3299.77,3117.25,715.13,105.9114,-117.5801,
Barranquilla,2020,datacenter,Optimal,5000.0,8331.08,1544.1,66.162,-67.533,
Barranquilla,2020,industria1,Optimal,2646.56,1517.46,509.17,131.8161,-123.9796,
Barranquilla,2020,industria2,Optimal,3236.17,2973.49,651.46,102.9251,-103.8173,
Barranquilla,2021,datacenter,Optimal,4185.44,4890.27,1000.0,48.2664,-33.6957,
Barranquilla,2021,industria1,Optimal,1607.34,284.14,93.89,70.3034,-48.8287,
Barranquilla,2021,industria2,Optimal,2334.01,914.06,188.88,62.0765,-45.4504,
Barranquilla,2022,datacenter,Optimal,4564.23,5607.95,1139.69,53.4977,-39.7416,
Barranquilla,2022,industria1,Optimal,2038.84,336.99,201.95,87.5222,-67.7424,
Barranquilla,2022,industria2,Optimal,2801.14,1513.49,389.43,78.467,-60.0958,
Barranquilla,2023,datacenter,Optimal,5000.0,7763.52,1527.45,64.2478,-128.1525,
Barranquilla,2023,industria1,Optimal,5000.0,9776.26,1863.26,367.7878,-355.4165,
Barranquilla,2023,industria2,Optimal,5000.0,9228.6,1726.41,205.4515,-249.9417,
Bogota,2005,datacenter,Optimal,3173.8,3539.48,779.67,36.3819,-29.1648,
Bogota,2005,industria1,Optimal,1000.0,560.88,380.49,55.0583,-23.2561,
Bogota,2005,industria2,Optimal,1536.91,1671.78,353.1,53.6492,-31.4244,
Bogota,2006,datacenter,Optimal,2845.52,2056.48,570.64,28.862,-26.4497,
Bogota,2006,industria1,Optimal,1000.0,498.44,388.03,54.0368,-18.5945,
Bogota,2006,industria2,Optimal,1399.27,1048.92,246.97,44.2323,-27.5473,
Bogota,2007,datacenter,Optimal,5000.0,9944.05,1790.45,71.8628,-40.872,
Bogota,2007,industria1,Optimal,1000.0,662.38,435.89,57.1754,-37.2779,
Bogota,2007,industria2,Optimal,1792.32,2461.23,486.61,67.2614,-45.6767,
Bogota,2008,datacenter,Optimal,5000.0,10093.97,1780.15,72.3492,-49.0946,
Bogota,2008,industria1,Optimal,1061.43,833.95,484.85,62.671,-43.2235,
Bogota,2008,industria2,Optimal,1929.22,2570.6,520.82,71.315,-52.1625,
Bogota,2009,datacenter,Optimal,5000.0,9645.49,1710.65,70.7628,-64.39,
Bogota,2009,industria1,Optimal,1383.94,1186.9,509.74,80.5471,-65.0023,
Bogota,2009,industria2,Optimal,2249.95,2798.26,564.99,80.3908,-70.9475,
Bogota,2010,datacenter,Optimal,5000.0,10094.35,1792.75,72.3669,-72.8279,
Bogota,2010,industria1,Optimal,1419.35,1592.56,603.3,89.4246,-74.765,
Bogota,2010,industria2,Optimal,2165.19,3137.28,623.12,82.2036,-83.8649,
Bogota,2011,datacenter,Optimal,5000.0,9318.17,1726.95,69.6927,-46.4118,
Bogota,2011,industria1,Optimal,1041.76,822.3,474.15,61.6883,-39.9559,
Bogota,2011,industria2,Optimal,1889.15,2528.93,554.12,70.2011,-49.9614,
Bogota,2012,datacenter,Optimal,5000.0,9925.55,1758.67,71.7595,-72.077,
Bogota,2012,industria1,Optimal,1348.98,1358.95,563.71,82.6039,-71.1957,
Bogota,2012,industria2,Optimal,2193.14,2915.52,594.72,80.4844,-79.3899,
Bogota,2013,datacenter,Optimal,5000.0,9551.34,1711.65,70.4501,-97.0377,
Bogota,2013,industria1,Optimal,1839.19,1763.58,506.91,106.8729,-115.2638,
Bogota,2013,industria2,Optimal,2817.58,3357.5,690.93,98.1811,-116.4955,
Bogota,2014,datacenter,Optimal,5000.0,9311.49,1706.35,69.6435,-106.067,
Bogota,2014,industria1,Optimal,2374.22,1846.07,504.94,127.5972,-144.5297,
Bogota,2014,industria2,Optimal,3308.98,3622.19,744.1,111.1994,-137.6453,
Bogota,2015,datacenter,Optimal,5000.0,7331.39,1505.93,62.7787,-113.9794,
Bogota,2015,industria1,Optimal,3284.75,2601.44,852.27,175.7949,-229.2065,
Bogota,2015,industria2,Optimal,4250.62,5088.67,1119.43,146.6757,-187.0661,
Bogota,2016,datacenter,Optimal,5000.0,6927.13,1349.55,61.226,-70.3173,
Bogota,2016,industria1,Optimal,2601.63,1477.42,516.81,129.5575,-116.0952,
Bogota,2016,industria2,Optimal,3466.67,2974.51,671.86,107.7985,-103.2053,
Bogota,2017,datacenter,Optimal,2499.44,668.45,241.57,21.3768,-21.937,
Bogota,2017,industria1,Optimal,1000.0,351.71,269.78,50.7187,-16.6794,
Bogota,2017,industria2,Optimal,1164.65,153.52,61.92,29.8059,-21.6215,
Bogota,2018,datacenter,Optimal,2702.05,833.53,308.53,23.4352,-22.9182,
Bogota,2018,industria1,Optimal,1000.0,356.82,289.13,50.9371,-19.7008,
Bogota,2018,industria2,Optimal,1331.47,468.02,159.79,36.7524,-24.8621,
Bogota,2019,datacenter,Optimal,5000.0,6214.22,1296.75,58.7798,-44.0874,
Bogota,2019,industria1,Optimal,1823.74,491.11,206.18,82.4304,-59.2314,
Bogota,2019,industria2,Optimal,2578.09,1933.06,445.12,78.1954,-54.8928,
Bogota,2020,datacenter,Optimal,4824.52,5772.61,1152.92,55.8887,-38.893,
Bogota,2020,industria1,Optimal,1775.89,373.45,157.81,78.3555,-54.6271,
Bogota,2020,industria2,Optimal,2462.59,1510.21,337.91,71.2083,-50.3993,
Bogota,2021,datacenter,Optimal,2479.3,0.0,0.0,18.6904,-17.8044,
Bogota,2021,industria1,Optimal,1000.0,151.36,128.71,46.3259,-13.1241,
Bogota,2021,industria2,Optimal,1214.87,0.0,0.0,29.0926,-18.6287,
Bogota,2022,datacenter,Optimal,2956.39,67.65,31.63,22.302,-21.6383,
Bogota,2022,industria1,Optimal,1241.86,172.51,126.55,55.4085,-22.4696,
Bogota,2022,industria2,Optimal,1549.8,35.81,16.74,36.4626,-25.2987,
Bogota,2023,datacenter,Optimal,5000.0,6007.14,1306.4,58.1019,-91.5419,
Bogota,2023,industria1,Optimal,3633.98,3142.28,930.36,198.222,-215.0552,
Bogota,2023,industria2,Optimal,4415.54,4964.57,1148.01,148.9844,-159.661,
Buenaventura,2005,datacenter,Optimal,2479.73,0.0,0.0,18.6934,-9.7355,
Buenaventura,2005,industria1,Optimal,1000.0,321.2,276.52,50.2403,6.1734,
Buenaventura,2005,industria2,Optimal,1000.0,0.0,0.0,24.6329,-6.4211,
Buenaventura,2006,datacenter,Optimal,2443.37,0.0,0.0,18.4385,-10.962,
Buenaventura,2006,industria1,Optimal,1000.0,314.86,281.17,50.1626,3.9982,
Buenaventura,2006,industria2,Optimal,1014.24,0.0,0.0,24.9285,-8.5271,
Buenaventura,2007,datacenter,Optimal,2639.99,45.42,42.48,20.0239,-12.4564,
Buenaventura,2007,industria1,Optimal,1000.0,345.32,300.8,50.8183,0.4001,
Buenaventura,2007,industria2,Optimal,1107.7,42.27,25.58,27.3846,-10.4748,
Buenaventura,2008,datacenter,Optimal,3551.64,1744.03,644.87,32.8676,-21.3384,
Buenaventura,2008,industria1,Optimal,1060.96,487.22,345.45,55.7581,-14.5643,
Buenaventura,2008,industria2,Optimal,1595.92,754.01,237.37,45.3652,-22.6917,
Buenaventura,2009,datacenter,Optimal,3474.88,1052.3,442.56,29.758,-21.2818,
Buenaventura,2009,industria1,Optimal,1095.06,391.19,302.32,55.0492,-13.8335,
Buenaventura,2009,industria2,Optimal,1688.55,770.79,248.08,47.4951,-22.2957,
Buenaventura,2010,datacenter,Optimal,4782.63,3641.84,1000.0,48.2902,-28.841,
Buenaventura,2010,industria1,Optimal,1321.48,706.66,429.27,69.5004,-21.7935,
Buenaventura,2010,industria2,Optimal,2221.83,1600.13,455.1,67.5532,-30.8958,
Buenaventura,2011,datacenter,Optimal,3768.04,2294.4,887.71,36.5377,-22.743,
Buenaventura,2011,industria1,Optimal,1040.99,487.69,363.41,55.1659,-14.5339,
Buenaventura,2011,industria2,Optimal,1598.38,956.31,279.43,47.5766,-22.5581,
Buenaventura,2012,datacenter,Optimal,5000.0,5394.73,1276.25,56.0205,-37.3999,
Buenaventura,2012,industria1,Optimal,1316.09,762.14,448.18,70.3863,-32.2389,
Buenaventura,2012,industria2,Optimal,2332.5,2483.86,584.85,79.0774,-43.0765,
Buenaventura,2013,datacenter,Optimal,5000.0,3053.29,776.44,47.5588,-58.6097,
Buenaventura,2013,industria1,Optimal,2100.7,1421.45,594.89,111.0334,-67.7669,
Buenaventura,2013,industria2,Optimal,3236.24,2887.4,627.03,101.982,-77.1996,
Buenaventura,2014,datacenter,Optimal,5000.0,4282.09,1102.35,52.0829,-53.5588,
Buenaventura,2014,industria1,Optimal,2173.52,1449.85,529.01,113.7063,-69.417,
Buenaventura,2014,industria2,Optimal,3296.74,2956.31,754.17,104.4109,-71.969,
Buenaventura,2015,datacenter,Optimal,5000.0,3611.89,1053.4,49.7841,-63.6094,
Buenaventura,2015,industria1,Optimal,3224.81,1734.08,623.28,157.188,-116.1296,
Buenaventura,2015,industria2,Optimal,4255.91,3390.92,943.46,129.3433,-103.6364,
Buenaventura,2016,datacenter,Optimal,1000.0,0.0,0.0,8.32,1.3962,
Buenaventura,2016,industria1,Optimal,1000.0,113.07,105.74,45.5132,16.4126,
Buenaventura,2016,industria2,Optimal,1000.0,0.0,0.0,24.6329,4.3991,
Buenaventura,2017,datacenter,Optimal,2563.05,40.63,35.19,19.4591,-14.5007,
Buenaventura,2017,industria1,Optimal,1000.0,272.13,233.58,49.1076,-4.0578,
Buenaventura,2017,industria2,Optimal,1217.52,79.3,37.08,30.0741,-14.6487,
Buenaventura,2018,datacenter,Optimal,2789.87,179.06,125.63,21.6291,-15.7339,
Buenaventura,2018,industria1,Optimal,1000.0,295.48,255.59,49.6572,-7.1512,
Buenaventura,2018,industria2,Optimal,1267.96,151.36,70.77,31.9632,-15.4009,
Buenaventura,2019,datacenter,Optimal,1000.0,0.0,0.0,8.32,2.8927,
Buenaventura,2019,industria1,Optimal,1000.0,119.46,111.71,45.6632,23.8905,
Buenaventura,2019,industria2,Optimal,1000.0,0.0,0.0,24.6329,8.7727,
Buenaventura,2020,datacenter,Optimal,3743.64,605.2,282.98,29.9424,-22.6766,
Buenaventura,2020,industria1,Optimal,1612.62,346.2,161.88,72.0186,-27.1875,
Buenaventura,2020,industria2,Optimal,2081.73,622.38,212.01,54.0506,-28.0231,
Buenaventura,2021,datacenter,Optimal,2437.18,0.0,0.0,18.3951,-7.9655,
Buenaventura,2021,industria1,Optimal,1000.0,105.27,98.44,45.33,3.2063,
Buenaventura,2021,industria2,Optimal,1102.92,0.0,0.0,26.7689,-6.2186,
Buenaventura,2022,datacenter,Optimal,2853.39,0.0,0.0,21.3129,-9.6375,
Buenaventura,2022,industria1,Optimal,1000.0,91.11,85.2,44.9976,-1.3796,
Buenaventura,2022,industria2,Optimal,1276.87,0.0,0.0,30.3793,-8.4557,
Buenaventura,2023,datacenter,Optimal,5000.0,2899.18,908.2,47.2175,-55.8576,
Buenaventura,2023,industria1,Optimal,3670.27,1754.04,623.76,173.6204,-122.7799,
Buenaventura,2023,industria2,Optimal,4437.3,2919.33,823.03,127.9855,-94.9258,
Cali,2005,datacenter,Optimal,1000.0,0.0,-0.0,8.32,7.1169,
Cali,2005,industria1,Optimal,1000.0,95.69,89.49,45.1052,46.9482,
Cali,2005,industria2,Optimal,1000.0,0.0,0.0,24.6329,21.5961,
Cali,2006,datacenter,Optimal,1000.0,0.0,0.0,8.32,7.165,
Cali,2006,industria1,Optimal,1000.0,100.01,93.52,45.2065,46.7497,
Cali,2006,industria2,Optimal,1000.0,0.0,0.0,24.6329,21.6752,
Cali,2007,datacenter,Optimal,1000.0,0.0,0.0,8.32,6.9007,
Cali,2007,industria1,Optimal,1000.0,111.17,103.96,45.4686,46.7163,
Cali,2007,industria2,Optimal,1000.0,0.0,0.0,24.6329,20.9392,
Cali,2008,datacenter,Optimal,1000.0,0.0,0.0,8.32,6.3255,
Cali,2008,industria1,Optimal,1000.0,159.73,149.37,46.609,44.1652,
Cali,2008,industria2,Optimal,1000.0,0.0,0.0,24.6329,19.2651,
Cali,2009,datacenter,Optimal,1000.0,0.0,0.0,8.32,4.4762,
Cali,2009,industria1,Optimal,1000.0,120.59,112.77,45.6899,33.7755,
Cali,2009,industria2,Optimal,1000.0,0.0,0.0,24.6329,13.8774,
Cali,2010,datacenter,Optimal,1000.0,0.0,0.0,8.32,3.9086,
Cali,2010,industria1,Optimal,1000.0,69.24,59.97,44.4517,33.6088,
Cali,2010,industria2,Optimal,1000.0,49.9,36.99,25.2689,14.0467,
Cali,2011,datacenter,Optimal,1000.0,0.0,0.0,8.32,6.7583,
Cali,2011,industria1,Optimal,1000.0,164.92,154.23,46.731,46.4624,
Cali,2011,industria2,Optimal,1000.0,0.0,0.0,24.6329,20.5687,
Cali,2012,datacenter,Optimal,1000.0,0.0,0.0,8.32,4.7255,
Cali,2012,industria1,Optimal,1000.0,170.65,159.58,46.8655,36.3212,
Cali,2012,industria2,Optimal,1000.0,0.0,0.0,24.6329,14.6259,
Cali,2013,datacenter,Optimal,1000.0,0.0,0.0,8.32,2.4166,
Cali,2013,industria1,Optimal,1000.0,155.23,145.16,46.5033,23.866,
Cali,2013,industria2,Optimal,1000.0,0.0,0.0,24.6329,7.7094,
Cali,2014,datacenter,Optimal,3668.24,0.0,0.0,27.0253,-1.6349,
Cali,2014,industria1,Optimal,1000.0,159.78,149.42,46.6102,13.4099,
Cali,2014,industria2,Optimal,1000.0,0.0,0.0,24.6329,1.8408,
Cali,2015,datacenter,Optimal,5000.0,36.31,33.96,36.5269,-13.9131,
Cali,2015,industria1,Optimal,1783.52,209.51,195.93,76.0723,-5.565,
Cali,2015,industria2,Optimal,2366.17,32.53,28.17,53.4185,-11.638,
Cali,2016,datacenter,Optimal,1000.0,0.0,0.0,8.32,1.833,
Cali,2016,industria1,Optimal,1000.0,68.88,64.41,44.4754,17.4934,
Cali,2016,industria2,Optimal,1000.0,0.0,0.0,24.6329,5.7886,
Cali,2017,datacenter,Optimal,1000.0,0.0,0.0,8.32,6.4435,
Cali,2017,industria1,Optimal,1000.0,49.11,45.93,44.0112,41.0525,
Cali,2017,industria2,Optimal,1000.0,0.0,0.0,24.6329,19.2502,
Cali,2018,datacenter,Optimal,1000.0,0.0,0.0,8.32,6.1809,
Cali,2018,industria1,Optimal,1000.0,50.62,47.33,44.0466,39.6549,
Cali,2018,industria2,Optimal,1000.0,0.0,0.0,24.6329,18.4724,
Cali,2019,datacenter,Optimal,1000.0,0.0,0.0,8.32,3.5848,
Cali,2019,industria1,Optimal,1000.0,50.87,47.57,44.0525,25.5104,
Cali,2019,industria2,Optimal,1000.0,0.0,0.0,24.6329,10.7692,
Cali,2020,datacenter,Optimal,1000.0,0.0,0.0,8.32,3.6853,
Cali,2020,industria1,Optimal,1000.0,40.63,38.0,43.8121,25.4165,
Cali,2020,industria2,Optimal,1000.0,0.0,0.0,24.6329,11.0492,
Cali,2021,datacenter,Optimal,1000.0,0.0,0.0,8.32,6.0208,
Cali,2021,industria1,Optimal,1000.0,35.86,33.54,43.7001,37.4467,
Cali,2021,industria2,Optimal,1000.0,0.0,0.0,24.6329,17.9621,
Cali,2022,datacenter,Optimal,1000.0,0.0,0.0,8.32,5.2993,
Cali,2022,industria1,Optimal,1000.0,29.54,27.62,43.5515,33.254,
Cali,2022,industria2,Optimal,1000.0,0.0,0.0,24.6329,15.9012,
Cali,2023,datacenter,Optimal,5000.0,0.0,0.0,36.3613,-9.0405,
Cali,2023,industria1,Optimal,1960.1,111.97,102.7,80.1444,-1.8464,
Cali,2023,industria2,Optimal,2659.9,0.0,0.0,59.0848,-7.4491,
Cartagena,2005,datacenter,Optimal,4100.68,6634.22,1325.99,53.914,-33.1008,
Cartagena,2005,industria1,Optimal,1000.0,592.73,360.86,55.4729,-28.3611,
Cartagena,2005,industria2,Optimal,1736.65,2168.85,455.51,63.099,-38.0864,
Cartagena,2006,datacenter,Optimal,3958.36,6016.97,1226.06,50.7273,-32.8593,
Cartagena,2006,industria1,Optimal,1000.0,601.78,370.74,55.695,-28.4888,
Cartagena,2006,industria2,Optimal,1698.57,2049.59,440.06,61.0714,-37.0408,
Cartagena,2007,datacenter,Optimal,5000.0,10109.21,1843.0,72.4823,-48.8905,
Cartagena,2007,industria1,Optimal,1054.58,847.34,427.3,62.2652,-45.0787,
Cartagena,2007,industria2,Optimal,1902.66,2747.97,568.86,72.7011,-57.6241,
Cartagena,2008,datacenter,Optimal,5000.0,10168.61,1892.15,72.7447,-58.4809,
Cartagena,2008,industria1,Optimal,1192.25,1118.82,524.56,72.5556,-56.9462,
Cartagena,2008,industria2,Optimal,1997.61,2818.43,605.09,75.5079,-66.0254,
Cartagena,2009,datacenter,Optimal,1000.0,0.0,0.0,8.32,4.6004,
Cartagena,2009,industria1,Optimal,1000.0,122.19,114.27,45.7274,34.4344,
Cartagena,2009,industria2,Optimal,1000.0,0.0,0.0,24.6329,14.1811,
Cartagena,2010,datacenter,Optimal,1000.0,0.0,0.0,8.32,4.1416,
Cartagena,2010,industria1,Optimal,1000.0,160.05,149.67,46.6166,33.1363,
Cartagena,2010,industria2,Optimal,1000.0,0.0,0.0,24.6329,12.8633,
Cartagena,2011,datacenter,Optimal,5000.0,10137.28,1860.15,72.5983,-55.963,
Cartagena,2011,industria1,Optimal,1147.26,1086.85,532.86,70.438,-51.2178,
Cartagena,2011,industria2,Optimal,1981.77,2709.78,580.96,74.0131,-61.3605,
Cartagena,2012,datacenter,Optimal,5000.0,10917.73,2020.05,75.41,-88.8712,
Cartagena,2012,industria1,Optimal,1431.58,1760.67,539.77,92.3249,-88.9324,
Cartagena,2012,industria2,Optimal,2251.24,3253.53,654.65,85.2594,-99.1809,
Cartagena,2013,datacenter,Optimal,5000.0,10586.44,1936.35,74.1958,-116.5649,
Cartagena,2013,industria1,Optimal,2316.44,2029.53,486.49,128.537,-148.6292,
Cartagena,2013,industria2,Optimal,3363.31,3847.79,776.94,114.6814,-146.3814,
Cartagena,2014,datacenter,Optimal,5000.0,10408.3,1896.75,73.5499,-129.1317,
Cartagena,2014,industria1,Optimal,2895.14,2394.37,703.69,157.1664,-197.3138,
Cartagena,2014,industria2,Optimal,3778.45,4481.36,967.58,130.2914,-179.7559,
Cartagena,2015,datacenter,Optimal,5000.0,8669.79,1591.4,67.3533,-132.4005,
Cartagena,2015,industria1,Optimal,3598.11,3934.12,1026.6,211.1764,-278.3335,
Cartagena,2015,industria2,Optimal,4301.16,5954.3,1233.38,156.7119,-224.8717,
Cartagena,2016,datacenter,Optimal,5000.0,7756.59,1543.72,64.246,-89.4963,
Cartagena,2016,industria1,Optimal,2909.66,2096.93,712.4,152.641,-162.0919,
Cartagena,2016,industria2,Optimal,3778.11,3750.62,884.99,122.7505,-142.0645,
Cartagena,2017,datacenter,Optimal,1000.0,0.0,0.0,8.32,6.8079,
Cartagena,2017,industria1,Optimal,1000.0,67.29,62.93,44.4382,42.8276,
Cartagena,2017,industria2,Optimal,1000.0,0.0,0.0,24.6329,20.5167,
Cartagena,2018,datacenter,Optimal,3781.83,4846.3,1000.0,45.2903,-31.8494,
Cartagena,2018,industria1,Optimal,1101.64,386.69,206.85,54.5652,-34.8084,
Cartagena,2018,industria2,Optimal,1679.64,1829.89,385.7,58.2988,-38.6104,
Cartagena,2019,datacenter,Optimal,5000.0,7632.26,1463.55,63.7264,-58.7202,
Cartagena,2019,industria1,Optimal,2185.12,957.26,356.33,104.4998,-87.5975,
Cartagena,2019,industria2,Optimal,3112.61,2578.36,583.48,96.1964,-79.817,
Cartagena,2020,datacenter,Optimal,1000.0,0.0,0.0,8.32,4.8441,
Cartagena,2020,industria1,Optimal,1000.0,52.13,48.75,44.0821,31.5753,
Cartagena,2020,industria2,Optimal,1000.0,0.0,0.0,24.6329,14.6235,
Cartagena,2021,datacenter,Optimal,2600.1,139.63,43.53,20.0598,-22.7849,
Cartagena,2021,industria1,Optimal,1062.13,210.34,155.17,49.7612,-22.9334,
Cartagena,2021,industria2,Optimal,1344.54,16.33,5.09,31.9649,-26.7611,
Cartagena,2022,datacenter,Optimal,3426.07,970.49,302.52,28.9596,-26.88,
Cartagena,2022,industria1,Optimal,1480.66,170.91,74.02,63.65,-34.6239,
Cartagena,2022,industria2,Optimal,1977.8,134.39,41.89,46.4166,-34.2265,
Cartagena,2023,datacenter,Optimal,5000.0,7167.79,1425.0,62.1272,-107.4275,
Cartagena,2023,industria1,Optimal,4106.2,5621.34,1247.01,259.9904,-264.964,
Cartagena,2023,industria2,Optimal,4631.84,6607.66,1286.04,170.2292,-197.3542,
Florencia,2005,datacenter,Optimal,4494.68,7983.65,1490.73,61.3912,-35.8956,
Florencia,2005,industria1,Optimal,1000.0,567.02,384.14,55.1883,-32.5102,
Florencia,2005,industria2,Optimal,1811.47,2304.65,477.44,66.0776,-39.6427,
Florencia,2006,datacenter,Optimal,4118.62,6380.59,1255.19,53.1013,-34.0781,
Florencia,2006,industria1,Optimal,1000.0,517.49,377.67,54.2941,-30.3724,
Florencia,2006,industria2,Optimal,1802.23,2119.27,461.48,63.9938,-38.566,
Florencia,2007,datacenter,Optimal,5000.0,10224.06,1806.35,72.8172,-52.3938,
Florencia,2007,industria1,Optimal,1167.24,913.57,470.34,67.7614,-49.3334,
Florencia,2007,industria2,Optimal,2027.27,2819.3,576.37,76.0207,-59.5232,
Florencia,2008,datacenter,Optimal,5000.0,10426.59,1870.75,73.5769,-63.7449,
Florencia,2008,industria1,Optimal,1262.86,1178.19,545.15,76.2641,-62.3509,
Florencia,2008,industria2,Optimal,2118.58,2938.34,611.12,79.2257,-71.529,
Florencia,2009,datacenter,Optimal,5000.0,9664.53,1711.7,70.8276,-73.2438,
Florencia,2009,industria1,Optimal,1634.11,1439.44,450.14,93.5165,-80.3285,
Florencia,2009,industria2,Optimal,2468.05,3058.32,601.37,87.6257,-85.069,
Florencia,2010,datacenter,Optimal,5000.0,10273.51,1842.7,73.0297,-87.15,
Florencia,2010,industria1,Optimal,1618.84,1733.04,597.71,99.0036,-95.9278,
Florencia,2010,industria2,Optimal,2437.67,3394.21,690.22,90.6556,-101.5835,
Florencia,2011,datacenter,Optimal,5000.0,10265.81,1850.3,73.014,-65.2594,
Florencia,2011,industria1,Optimal,1266.91,1290.39,589.79,78.6385,-61.795,
Florencia,2011,industria2,Optimal,2117.35,2975.27,604.82,79.5402,-72.7619,
Florencia,2012,datacenter,Optimal,5000.0,10371.41,1868.65,73.3901,-86.5777,
Florencia,2012,industria1,Optimal,1561.79,1643.54,566.62,95.1964,-93.5063,
Florencia,2012,industria2,Optimal,2447.57,3235.2,641.92,89.1041,-98.1905,
Florencia,2013,datacenter,Optimal,5000.0,9764.51,1770.25,71.2377,-106.3999,
Florencia,2013,industria1,Optimal,2287.87,1800.81,464.19,123.4265,-138.7627,
Florencia,2013,industria2,Optimal,3255.85,3687.09,728.81,110.6781,-134.7427,
Florencia,2014,datacenter,Optimal,5000.0,9413.66,1682.45,69.9528,-113.2837,
Florencia,2014,industria1,Optimal,2744.87,2042.02,585.1,144.8881,-169.1723,
Florencia,2014,industria2,Optimal,3744.23,4112.0,887.81,125.6257,-157.8087,
Florencia,2015,datacenter,Optimal,5000.0,6914.6,1405.5,61.2575,-123.4951,
Florencia,2015,industria1,Optimal,3606.85,3419.11,997.62,202.451,-265.6839,
Florencia,2015,industria2,Optimal,4539.02,5997.52,1225.5,162.0448,-213.942,
Florencia,2016,datacenter,Optimal,5000.0,6410.55,1272.25,59.4023,-74.5678,
Florencia,2016,industria1,Optimal,2918.47,1613.1,590.6,143.8272,-133.0878,
Florencia,2016,industria2,Optimal,3807.5,3176.49,708.97,117.0103,-115.7087,
Florencia,2017,datacenter,Optimal,2993.21,1985.03,509.56,29.5791,-26.6146,
Florencia,2017,industria1,Optimal,1033.99,359.84,252.08,51.9664,-26.1773,
Florencia,2017,industria2,Optimal,1496.62,859.76,215.72,44.2643,-29.648,
Florencia,2018,datacenter,Optimal,3155.97,1975.31,537.62,30.7244,-27.1974,
Florencia,2018,industria1,Optimal,1115.55,366.01,250.32,55.0058,-27.3478,
Florencia,2018,industria2,Optimal,1609.99,954.97,259.73,47.7278,-32.1458,
Florencia,2019,datacenter,Optimal,5000.0,5929.08,1023.36,57.471,-56.7811,
Florencia,2019,industria1,Optimal,2233.85,773.01,234.32,102.2719,-81.4942,
Florencia,2019,industria2,Optimal,3229.81,2569.99,481.66,98.1514,-74.3547,
Florencia,2020,datacenter,Optimal,5000.0,5840.65,1180.95,57.3825,-44.8747,
Florencia,2020,industria1,Optimal,2027.57,447.2,193.67,88.9527,-66.5859,
Florencia,2020,industria2,Optimal,2902.26,1965.75,428.91,85.1836,-60.0153,
Florencia,2021,datacenter,Optimal,2720.2,16.46,7.7,20.4442,-21.0934,
Florencia,2021,industria1,Optimal,1096.16,170.29,134.85,50.165,-20.0433,
Florencia,2021,industria2,Optimal,1376.06,39.19,18.32,32.8959,-23.8917,
Florencia,2022,datacenter,Optimal,3396.39,763.35,260.61,28.0061,-26.5405,
Florencia,2022,industria1,Optimal,1576.39,243.15,117.87,68.6437,-33.6619,
Florencia,2022,industria2,Optimal,1937.82,287.23,89.54,47.2803,-33.2857,
Florencia,2023,datacenter,Optimal,5000.0,5663.83,1235.7,56.8647,-95.4886,
Florencia,2023,industria1,Optimal,3942.74,3767.98,1026.68,220.7687,-236.2377,
Florencia,2023,industria2,Optimal,4659.31,5535.25,1185.5,159.8228,-173.6088,
Medellin,2005,datacenter,Optimal,4636.42,10461.98,1824.37,71.0853,-37.8763,
Medellin,2005,industria1,Optimal,1000.0,764.47,427.09,58.8694,-31.8424,
Medellin,2005,industria2,Optimal,1665.65,2415.21,488.16,64.1841,-41.5934,
Medellin,2006,datacenter,Optimal,3791.48,6560.26,1248.12,51.3978,-34.0754,
Medellin,2006,industria1,Optimal,1000.0,685.4,434.04,57.5582,-28.218,
Medellin,2006,industria2,Optimal,1602.81,1994.8,418.34,58.4587,-35.9794,
Medellin,2007,datacenter,Optimal,5000.0,11753.1,2072.1,78.2635,-53.4812,
Medellin,2007,industria1,Optimal,1000.0,843.22,457.77,60.4289,-46.2729,
Medellin,2007,industria2,Optimal,1848.79,2731.56,543.01,71.3208,-56.3119,
Medellin,2008,datacenter,Optimal,5000.0,11337.66,1992.12,76.7736,-59.7424,
Medellin,2008,industria1,Optimal,1089.32,1088.56,525.29,68.3238,-53.6804,
Medellin,2008,industria2,Optimal,1912.95,2776.86,572.99,73.2159,-61.1427,
Medellin,2009,datacenter,Optimal,1000.0,0.0,0.0,8.32,4.296,
Medellin,2009,industria1,Optimal,1000.0,78.54,62.19,44.6265,38.2318,
Medellin,2009,industria2,Optimal,1000.0,38.78,29.78,25.1312,14.8941,
Medellin,2010,datacenter,Optimal,5000.0,11508.17,2066.75,77.4399,-86.203,
Medellin,2010,industria1,Optimal,1386.32,1750.76,619.18,91.0562,-86.6843,
Medellin,2010,industria2,Optimal,2213.49,3430.9,704.86,86.4217,-97.5868,
Medellin,2011,datacenter,Optimal,5000.0,10906.93,2029.85,75.3868,-54.6774,
Medellin,2011,industria1,Optimal,1044.19,998.13,518.65,65.0959,-47.2399,
Medellin,2011,industria2,Optimal,1899.13,2715.5,578.91,72.3462,-56.5693,
Medellin,2012,datacenter,Optimal,5000.0,12716.62,2193.2,81.6348,-92.6224,
Medellin,2012,industria1,Optimal,1313.81,1672.37,601.99,86.9754,-87.8168,
Medellin,2012,industria2,Optimal,2198.39,3104.27,653.02,82.6828,-96.6316,
Medellin,2013,datacenter,Optimal,5000.0,12500.35,2167.65,80.8802,-118.8914,
Medellin,2013,industria1,Optimal,1952.74,1971.56,504.46,114.5288,-137.3882,
Medellin,2013,industria2,Optimal,2789.91,3781.33,752.25,102.0286,-138.5879,
Medellin,2014,datacenter,Optimal,5000.0,11625.52,2064.45,77.8282,-134.6766,
Medellin,2014,industria1,Optimal,2483.74,2222.24,634.36,138.8862,-183.0459,
Medellin,2014,industria2,Optimal,3323.01,4483.7,930.52,120.7181,-172.0902,
Medellin,2015,datacenter,Optimal,4582.11,0.0,0.0,33.4318,-9.0782,
Medellin,2015,industria1,Optimal,1000.0,150.94,141.16,46.4027,3.4865,
Medellin,2015,industria2,Optimal,1638.83,0.0,0.0,37.892,-5.1085,
Medellin,2016,datacenter,Optimal,5000.0,9193.01,1706.95,69.2492,-89.428,
Medellin,2016,industria1,Optimal,2618.42,1852.48,624.89,137.3347,-142.8563,
Medellin,2016,industria2,Optimal,3478.33,3487.01,787.02,113.5462,-126.8817,
Medellin,2017,datacenter,Optimal,2903.94,2694.42,623.53,31.4679,-28.52,
Medellin,2017,industria1,Optimal,1000.0,438.6,270.47,52.2157,-27.2297,
Medellin,2017,industria2,Optimal,1407.58,1147.57,255.25,45.4107,-30.9977,
Medellin,2018,datacenter,Optimal,3537.76,4977.37,1000.0,44.0163,-32.3595,
Medellin,2018,industria1,Optimal,1000.0,445.54,295.12,52.5013,-32.1367,
Medellin,2018,industria2,Optimal,1639.07,1744.69,378.37,56.5874,-36.3357,
Medellin,2019,datacenter,Optimal,5000.0,9067.89,1669.9,68.7835,-58.215,
Medellin,2019,industria1,Optimal,1859.45,890.24,275.25,91.0412,-76.3519,
Medellin,2019,industria2,Optimal,2643.72,2599.02,543.53,86.5134,-72.2547,
Medellin,2020,datacenter,Optimal,5000.0,8375.39,1558.1,66.3281,-51.2171,
Medellin,2020,industria1,Optimal,1846.5,598.28,220.35,85.1886,-72.2222,
Medellin,2020,industria2,Optimal,2698.93,2438.34,514.82,85.9619,-66.4222,
Medellin,2021,datacenter,Optimal,2446.78,356.57,112.63,19.7988,-21.5984,
Medellin,2021,industria1,Optimal,1000.0,261.97,175.54,48.5416,-19.2872,
Medellin,2021,industria2,Optimal,1210.57,75.33,27.08,29.852,-23.7851,
Medellin,2022,datacenter,Optimal,2964.9,530.99,170.16,24.0879,-23.758,
Medellin,2022,industria1,Optimal,1200.44,259.57,147.97,55.5525,-26.6818,
Medellin,2022,industria2,Optimal,1564.46,280.15,96.52,39.4884,-28.131,
Medellin,2023,datacenter,Optimal,5000.0,8025.35,1615.2,65.2357,-105.4032,
Medellin,2023,industria1,Optimal,3498.6,3919.57,1024.24,207.3171,-237.1347,
Medellin,2023,industria2,Optimal,4202.55,5720.86,1191.08,152.1965,-177.5122,
Mocoa,2005,datacenter,Optimal,3906.84,5923.22,1187.25,50.0027,-33.1356,
Mocoa,2005,industria1,Optimal,1000.0,547.08,400.1,54.9536,-30.6242,
Mocoa,2005,industria2,Optimal,1766.3,2205.73,483.6,64.1873,-37.0442,
Mocoa,2006,datacenter,Optimal,3675.25,4701.31,1000.0,44.0597,-31.6967,
Mocoa,2006,industria1,Optimal,1000.0,520.02,380.83,54.3588,-28.4643,
Mocoa,2006,industria2,Optimal,1751.73,1865.4,438.27,60.3496,-35.3502,
Mocoa,2007,datacenter,Optimal,5000.0,10370.34,1872.05,73.391,-50.7342,
Mocoa,2007,industria1,Optimal,1151.67,859.24,446.41,66.1046,-48.1734,
Mocoa,2007,industria2,Optimal,2018.05,2826.65,566.02,75.8619,-57.1141,
Mocoa,2008,datacenter,Optimal,1000.0,0.0,0.0,8.32,6.423,
Mocoa,2008,industria1,Optimal,1000.0,135.88,127.07,46.0489,43.5766,
Mocoa,2008,industria2,Optimal,1000.0,0.0,0.0,24.6329,19.2135,
Mocoa,2009,datacenter,Optimal,5000.0,9379.12,1743.15,69.9172,-70.2429,
Mocoa,2009,industria1,Optimal,1612.55,1443.74,463.99,92.9055,-77.608,
Mocoa,2009,industria2,Optimal,2513.57,3074.06,629.34,88.8344,-81.4001,
Mocoa,2010,datacenter,Optimal,5000.0,10239.4,1929.65,73.0299,-84.3279,
Mocoa,2010,industria1,Optimal,1728.45,2042.16,485.75,107.5156,-93.2838,
Mocoa,2010,industria2,Optimal,2206.33,4142.99,819.2,93.7459,-78.8477,
Mocoa,2011,datacenter,Optimal,5000.0,9912.19,1892.0,71.8895,-60.3397,
Mocoa,2011,industria1,Optimal,1301.82,1566.31,401.34,83.3668,-53.5977,
Mocoa,2011,industria2,Optimal,1803.84,3539.59,763.05,79.2177,-50.6861,
Mocoa,2012,datacenter,Optimal,5000.0,10191.33,1894.95,72.8241,-81.6261,
Mocoa,2012,industria1,Optimal,1606.25,1590.94,562.54,95.871,-88.2883,
Mocoa,2012,industria2,Optimal,2457.94,3166.07,695.11,88.8431,-91.7861,
Mocoa,2013,datacenter,Optimal,1000.0,0.0,0.0,8.32,3.3867,
Mocoa,2013,industria1,Optimal,1000.0,165.87,61.82,46.1239,30.1168,
Mocoa,2013,industria2,Optimal,1000.0,5.94,5.56,24.7131,10.8623,
Mocoa,2014,datacenter,Optimal,5000.0,9234.28,1736.15,69.4251,-105.6898,
Mocoa,2014,industria1,Optimal,2654.37,2006.61,579.3,140.9729,-158.6066,
Mocoa,2014,industria2,Optimal,3576.59,3822.76,859.35,119.1806,-147.1273,
Mocoa,2015,datacenter,Optimal,1000.0,0.0,0.0,8.32,1.3338,
Mocoa,2015,industria1,Optimal,1000.0,39.96,34.15,43.7745,15.4339,
Mocoa,2015,industria2,Optimal,1000.0,0.0,0.0,24.6329,4.5207,
Mocoa,2016,datacenter,Optimal,5000.0,6136.21,1346.42,58.5847,-69.0811,
Mocoa,2016,industria1,Optimal,2829.95,1570.47,586.86,139.8731,-122.275,
Mocoa,2016,industria2,Optimal,3755.34,3100.95,757.39,115.3697,-106.5339,
Mocoa,2017,datacenter,Optimal,2882.43,1523.83,439.96,27.1736,-25.1391,
Mocoa,2017,industria1,Optimal,1029.96,352.49,235.27,51.5811,-24.332,
Mocoa,2017,industria2,Optimal,1411.21,629.5,181.82,40.087,-27.6494,
Mocoa,2018,datacenter,Optimal,3893.51,1372.89,326.1,33.6092,-26.3511,
Mocoa,2018,industria1,Optimal,1291.12,290.18,271.37,60.1853,-20.2052,
Mocoa,2018,industria2,Optimal,1849.78,348.17,112.48,46.1436,-26.8533,
Mocoa,2019,datacenter,Optimal,5000.0,2917.19,626.57,46.9087,-47.5747,
Mocoa,2019,industria1,Optimal,2396.7,304.96,142.59,99.4945,-64.6107,
Mocoa,2019,industria2,Optimal,2960.2,1371.92,285.12,79.9664,-58.9194,
Mocoa,2020,datacenter,Optimal,5000.0,6035.48,1237.15,58.1057,-42.2255,
Mocoa,2020,industria1,Optimal,2008.7,431.93,201.52,88.0618,-62.6972,
Mocoa,2020,industria2,Optimal,2768.9,1774.33,408.04,80.4451,-56.1696,
Mocoa,2021,datacenter,Optimal,1000.0,0.0,0.0,8.32,6.5704,
Mocoa,2021,industria1,Optimal,1000.0,38.26,35.78,43.7564,40.1804,
Mocoa,2021,industria2,Optimal,1000.0,0.0,0.0,24.6329,19.5355,
Mocoa,2022,datacenter,Optimal,3245.17,477.39,194.19,25.9055,-25.2007,
Mocoa,2022,industria1,Optimal,1533.22,187.47,110.69,66.0801,-31.3378,
Mocoa,2022,industria2,Optimal,1888.45,199.48,83.29,45.3652,-31.1467,
Mocoa,2023,datacenter,Optimal,5000.0,5609.62,1289.9,56.7549,-86.6744,
Mocoa,2023,industria1,Optimal,3727.66,3074.5,989.33,200.8387,-210.6536,
Mocoa,2023,industria2,Optimal,4484.28,4946.92,1166.59,150.3088,-154.0204,
Quibdo,2005,datacenter,Optimal,3197.14,994.09,363.83,27.5137,-19.7297,
Quibdo,2005,industria1,Optimal,1008.37,366.83,318.92,51.612,-11.1651,
Quibdo,2005,industria2,Optimal,1445.83,404.64,142.87,38.4347,-18.5645,
Quibdo,2006,datacenter,Optimal,3402.52,1683.57,557.25,31.5058,-21.8818,
Quibdo,2006,industria1,Optimal,1042.26,417.28,354.2,53.9405,-14.9697,
Quibdo,2006,industria2,Optimal,1591.32,757.63,224.74,45.2565,-21.3606,
Quibdo,2007,datacenter,Optimal,4471.67,3704.77,1000.0,46.3201,-27.2566,
Quibdo,2007,industria1,Optimal,1176.63,522.22,398.72,60.8954,-21.3986,
Quibdo,2007,industria2,Optimal,2126.61,1871.84,486.94,68.3825,-29.5091,
Quibdo,2008,datacenter,Optimal,5000.0,5492.36,1275.85,56.3455,-39.0468,
Quibdo,2008,industria1,Optimal,1367.89,886.14,478.4,74.5904,-36.7815,
Quibdo,2008,industria2,Optimal,2398.24,2518.24,583.48,80.776,-44.2578,
Quibdo,2009,datacenter,Optimal,5000.0,4696.78,1256.05,53.6669,-43.6581,
Quibdo,2009,industria1,Optimal,1712.72,1066.85,510.29,90.3618,-45.8052,
Quibdo,2009,industria2,Optimal,2872.62,2778.86,705.59,93.6681,-52.1364,
Quibdo,2010,datacenter,Optimal,5000.0,4991.65,1264.5,54.6611,-48.6634,
Quibdo,2010,industria1,Optimal,1776.77,1277.64,575.15,96.7328,-52.2098,
Quibdo,2010,industria2,Optimal,2951.64,2957.22,756.44,97.2661,-60.3216,
Quibdo,2011,datacenter,Optimal,5000.0,5540.48,1364.8,56.6224,-37.4623,
Quibdo,2011,industria1,Optimal,1362.16,864.91,501.68,74.1758,-32.5584,
Quibdo,2011,industria2,Optimal,2381.9,2464.77,611.9,80.019,-40.733,
Quibdo,2012,datacenter,Optimal,5000.0,6297.73,1477.1,59.2944,-63.4063,
Quibdo,2012,industria1,Optimal,1804.21,1689.3,622.84,105.116,-70.6123,
Quibdo,2012,industria2,Optimal,2958.55,3238.72,782.91,100.2911,-79.9056,
Quibdo,2013,datacenter,Optimal,5000.0,5160.23,1315.9,55.2905,-71.361,
Quibdo,2013,industria1,Optimal,2398.69,1900.17,569.09,129.8427,-96.5296,
Quibdo,2013,industria2,Optimal,3576.21,3357.16,814.04,114.4007,-99.4643,
Quibdo,2014,datacenter,Optimal,5000.0,5438.47,1330.85,56.2378,-82.5742,
Quibdo,2014,industria1,Optimal,2796.71,1988.24,590.39,145.8723,-130.232,
Quibdo,2014,industria2,Optimal,4114.73,4122.23,970.86,133.7386,-126.8923,
Quibdo,2015,datacenter,Optimal,5000.0,4397.79,1121.08,52.4932,-88.1065,
Quibdo,2015,industria1,Optimal,3857.75,2538.49,907.31,195.7768,-189.8126,
Quibdo,2015,industria2,Optimal,5000.0,4889.24,1267.09,160.8331,-160.6124,
Quibdo,2016,datacenter,Optimal,5000.0,3618.3,1014.95,49.7551,-54.4806,
Quibdo,2016,industria1,Optimal,2957.48,1411.52,507.81,141.2152,-91.6672,
Quibdo,2016,industria2,Optimal,4133.24,3033.27,788.02,122.6639,-84.0175,
Quibdo,2017,datacenter,Optimal,3546.6,1883.66,601.26,33.2407,-24.3538,
Quibdo,2017,industria1,Optimal,1206.09,418.72,279.29,59.3759,-21.8173,
Quibdo,2017,industria2,Optimal,1708.56,913.24,261.09,49.367,-27.4088,
Quibdo,2018,datacenter,Optimal,3887.72,2507.79,764.83,37.9273,-26.3233,
Quibdo,2018,industria1,Optimal,1263.72,467.64,288.88,62.3622,-25.4329,
Quibdo,2018,industria2,Optimal,1875.74,1258.88,368.16,56.6641,-30.3364,
Quibdo,2019,datacenter,Optimal,5000.0,4618.08,1160.75,53.2797,-45.0122,
Quibdo,2019,industria1,Optimal,2167.99,863.45,309.03,101.951,-62.9559,
Quibdo,2019,industria2,Optimal,3124.43,2506.75,594.0,95.7755,-59.4656,
Quibdo,2020,datacenter,Optimal,5000.0,3533.45,1000.0,49.4526,-31.8097,
Quibdo,2020,industria1,Optimal,2008.58,454.25,196.73,88.4084,-46.2115,
Quibdo,2020,industria2,Optimal,2834.85,1486.87,396.42,78.931,-43.0741,
Quibdo,2021,datacenter,Optimal,2834.79,0.0,0.0,21.1825,-14.4123,
Quibdo,2021,industria1,Optimal,1006.39,104.24,97.48,45.5365,-7.3886,
Quibdo,2021,industria2,Optimal,1356.2,0.0,0.0,32.026,-15.0698,
Quibdo,2022,datacenter,Optimal,3207.6,0.0,0.0,23.796,-14.972,
Quibdo,2022,industria1,Optimal,1231.54,112.21,104.21,53.8497,-11.1345,
Quibdo,2022,industria2,Optimal,1587.53,12.02,10.41,36.9863,-15.9385,
Quibdo,2023,datacenter,Optimal,5000.0,3463.56,1000.0,49.2196,-69.9738,
Quibdo,2023,industria1,Optimal,4037.21,2472.67,834.43,200.635,-170.1733,
Quibdo,2023,industria2,Optimal,5000.0,4236.06,1109.79,153.7751,-128.9834,
Riohacha,2005,datacenter,Optimal,5000.0,10562.02,1846.85,73.9971,-52.8964,
Riohacha,2005,industria1,Optimal,1221.36,743.03,269.7,65.433,-51.6539,
Riohacha,2005,industria2,Optimal,2109.35,2738.71,511.92,76.6789,-59.4541,
Riohacha,2006,datacenter,Optimal,5000.0,11162.99,1915.25,76.0905,-54.2144,
Riohacha,2006,industria1,Optimal,1244.36,757.11,272.2,66.5223,-54.4409,
Riohacha,2006,industria2,Optimal,2077.97,2722.85,526.44,75.9272,-60.1291,
Riohacha,2007,datacenter,Optimal,5000.0,11723.21,2005.4,78.0765,-76.2578,
Riohacha,2007,industria1,Optimal,1499.43,1376.08,353.12,86.9103,-79.4647,
Riohacha,2007,industria2,Optimal,2309.55,3154.07,582.47,85.2079,-86.5485,
Riohacha,2008,datacenter,Optimal,5000.0,11979.74,2048.2,78.9879,-89.1353,
Riohacha,2008,industria1,Optimal,1630.53,1826.28,496.17,100.3421,-95.6951,
Riohacha,2008,industria2,Optimal,2458.86,3466.5,645.03,91.6338,-100.9651,
Riohacha,2009,datacenter,Optimal,5000.0,11358.51,1965.8,76.8087,-98.0285,
Riohacha,2009,industria1,Optimal,2458.7,1830.6,536.68,130.596,-129.1863,
Riohacha,2009,industria2,Optimal,3283.49,3530.53,749.08,109.7849,-124.4021,
Riohacha,2010,datacenter,Optimal,5000.0,10962.62,1939.97,75.4548,-107.1397,
Riohacha,2010,industria1,Optimal,2491.04,2147.03,632.65,137.8463,-141.5557,
Riohacha,2010,industria2,Optimal,3461.04,3933.34,848.87,117.8332,-138.443,
Riohacha,2011,datacenter,Optimal,5000.0,11250.4,1978.75,76.4651,-87.0823,
Riohacha,2011,industria1,Optimal,1577.21,1825.78,569.81,98.9047,-92.3888,
Riohacha,2011,industria2,Optimal,2418.54,3407.84,685.42,90.3744,-99.6795,
Riohacha,2012,datacenter,Optimal,5000.0,12320.97,2123.1,80.2238,-121.78,
Riohacha,2012,industria1,Optimal,2381.34,2041.43,536.93,131.4255,-149.4213,
Riohacha,2012,industria2,Optimal,3241.49,4025.56,794.29,113.9752,-147.711,
Riohacha,2013,datacenter,Optimal,5000.0,11967.87,2073.1,78.981,-149.695,
Riohacha,2013,industria1,Optimal,3154.06,2830.68,869.18,175.1268,-243.1737,
Riohacha,2013,industria2,Optimal,3950.32,4874.82,1048.31,138.0559,-213.6985,
Riohacha,2014,datacenter,Optimal,5000.0,11740.85,2008.35,78.1392,-163.6704,
Riohacha,2014,industria1,Optimal,3599.41,4014.32,1103.72,213.1212,-308.3563,
Riohacha,2014,industria2,Optimal,4269.56,6051.49,1248.03,157.0723,-253.653,
Riohacha,2015,datacenter,Optimal,5000.0,8908.67,1610.25,68.1745,-159.3625,
Riohacha,2015,industria1,Optimal,5000.0,9384.85,1903.14,361.3341,-393.0841,
Riohacha,2015,industria2,Optimal,5000.0,8826.68,1717.03,201.4474,-294.1095,
Riohacha,2016,datacenter,Optimal,5000.0,8355.24,1631.58,66.3571,-108.2586,
Riohacha,2016,industria1,Optimal,3334.77,2930.15,879.77,183.4325,-226.1838,
Riohacha,2016,industria2,Optimal,4177.66,4899.67,1083.02,143.1543,-183.9396,
Riohacha,2017,datacenter,Optimal,5000.0,9832.36,1641.78,71.2956,-42.0155,
Riohacha,2017,industria1,Optimal,1376.34,390.65,145.93,64.1424,-49.4782,
Riohacha,2017,industria2,Optimal,2146.17,2325.6,419.44,73.0062,-50.3642,
Riohacha,2018,datacenter,Optimal,5000.0,10128.83,1725.05,72.3932,-48.6054,
Riohacha,2018,industria1,Optimal,1555.95,409.76,118.59,70.7721,-59.0301,
Riohacha,2018,industria2,Optimal,2409.18,2513.45,425.49,80.3431,-58.7276,
Riohacha,2019,datacenter,Optimal,5000.0,8230.66,1534.2,65.8142,-77.3921,
Riohacha,2019,industria1,Optimal,2713.75,1792.97,594.57,139.5507,-136.3859,
Riohacha,2019,industria2,Optimal,3363.55,3101.36,698.93,107.0153,-115.2258,
Riohacha,2020,datacenter,Optimal,5000.0,7534.04,1439.4,63.3673,-66.1664,
Riohacha,2020,industria1,Optimal,2676.82,1529.6,538.52,133.3152,-119.8036,
Riohacha,2020,industria2,Optimal,3310.25,2866.94,638.41,103.3603,-99.4567,
Riohacha,2021,datacenter,Optimal,4201.24,4565.43,928.28,47.2,-33.179,
Riohacha,2021,industria1,Optimal,1611.98,285.82,86.14,70.4477,-46.682,
Riohacha,2021,industria2,Optimal,2253.08,910.79,170.35,60.2926,-43.6336,
Riohacha,2022,datacenter,Optimal,4837.42,5772.61,1177.07,56.0108,-39.1548,
Riohacha,2022,industria1,Optimal,2012.34,329.68,173.31,86.2468,-64.6873,
Riohacha,2022,industria2,Optimal,2797.22,1348.45,329.3,76.5233,-56.7325,
Riohacha,2023,datacenter,Optimal,5000.0,7054.39,1430.75,61.7567,-128.0907,
Riohacha,2023,industria1,Optimal,5000.0,9544.87,1874.19,363.8872,-360.7038,
Riohacha,2023,industria2,Optimal,5000.0,8917.92,1657.48,202.1173,-250.9035,
Villavicencio,2005,datacenter,Optimal,5000.0,11504.32,1986.2,77.3215,-58.3622,
Villavicencio,2005,industria1,Optimal,1035.86,857.47,467.19,62.0324,-49.7008,
Villavicencio,2005,industria2,Optimal,1912.2,2848.7,544.37,73.7986,-62.9957,
Villavicencio,2006,datacenter,Optimal,5000.0,11088.83,1877.35,75.7936,-53.0671,
Villavicencio,2006,industria1,Optimal,1040.35,824.79,476.79,61.6977,-44.585,
Villavicencio,2006,industria2,Optimal,1929.67,2790.25,554.73,73.6243,-58.2699,
Villavicencio,2007,datacenter,Optimal,5000.0,12023.42,2047.25,79.1323,-76.2671,
Villavicencio,2007,industria1,Optimal,1205.06,1366.96,571.57,77.5973,-69.4598,
Villavicencio,2007,industria2,Optimal,2018.35,3079.89,604.47,78.5171,-82.6499,
Villavicencio,2008,datacenter,Optimal,5000.0,11671.08,2010.83,77.9098,-86.1733,
Villavicencio,2008,industria1,Optimal,1308.6,1620.72,620.81,86.0272,-79.4171,
Villavicencio,2008,industria2,Optimal,2187.39,3236.17,693.79,83.9147,-92.0536,
Villavicencio,2009,datacenter,Optimal,5000.0,11303.33,1935.5,76.585,-97.601,
Villavicencio,2009,industria1,Optimal,1548.97,1799.57,568.79,97.4281,-102.4776,
Villavicencio,2009,industria2,Optimal,2418.17,3273.26,640.33,88.8635,-109.2123,
Villavicencio,2010,datacenter,Optimal,5000.0,12073.04,2030.75,79.2762,-114.2873,
Villavicencio,2010,industria1,Optimal,1600.62,2099.14,661.81,105.0661,-120.3969,
Villavicencio,2010,industria2,Optimal,2352.63,3677.65,728.17,91.8358,-130.2266,
Villavicencio,2011,datacenter,Optimal,5000.0,11200.36,1970.88,76.288,-85.1339,
Villavicencio,2011,industria1,Optimal,1297.04,1649.07,630.7,86.1632,-79.0284,
Villavicencio,2011,industria2,Optimal,2152.24,3324.47,672.79,83.9754,-93.1161,
Villavicencio,2012,datacenter,Optimal,5000.0,11643.65,1971.9,77.7674,-110.5634,
Villavicencio,2012,industria1,Optimal,1531.51,2058.54,649.12,101.7874,-113.5113,
Villavicencio,2012,industria2,Optimal,2370.14,3437.95,673.02,89.6191,-123.1747,
Villavicencio,2013,datacenter,Optimal,5000.0,11209.88,1927.5,76.2629,-133.2788,
Villavicencio,2013,industria1,Optimal,2049.66,2042.05,540.41,119.482,-161.2323,
Villavicencio,2013,industria2,Optimal,3132.53,4255.62,829.05,114.1197,-163.4981,
Villavicencio,2014,datacenter,Optimal,5000.0,11144.97,1927.0,76.0458,-138.4036,
Villavicencio,2014,industria1,Optimal,2565.21,2217.95,596.24,141.4973,-188.3036,
Villavicencio,2014,industria2,Optimal,3506.38,4335.67,874.12,122.8441,-182.3417,
Villavicencio,2015,datacenter,Optimal,5000.0,8466.22,1582.35,66.6627,-138.5,
Villavicencio,2015,industria1,Optimal,3326.38,3173.19,954.14,187.8056,-274.155,
Villavicencio,2015,industria2,Optimal,4247.71,5737.03,1211.45,153.3726,-226.8725,
Villavicencio,2016,datacenter,Optimal,5000.0,8161.15,1532.35,65.58,-90.4597,
Villavicencio,2016,industria1,Optimal,2754.6,1877.3,621.88,142.6585,-149.0062,
Villavicencio,2016,industria2,Optimal,3644.72,3476.42,767.17,116.8183,-134.6758,
Villavicencio,2017,datacenter,Optimal,4034.54,5615.75,1158.48,49.835,-34.2768,
Villavicencio,2017,industria1,Optimal,1013.15,501.08,347.99,54.2868,-33.0828,
Villavicencio,2017,industria2,Optimal,1771.82,2014.79,417.15,62.1594,-37.4107,
Villavicencio,2018,datacenter,Optimal,4231.38,5490.21,1216.18,50.8719,-34.6089,
Villavicencio,2018,industria1,Optimal,1129.44,575.07,366.46,59.8816,-34.8139,
Villavicencio,2018,industria2,Optimal,1907.56,2062.33,488.92,65.7243,-41.4054,
Villavicencio,2019,datacenter,Optimal,5000.0,7502.6,1519.0,63.3667,-61.1769,
Villavicencio,2019,industria1,Optimal,2043.72,1031.11,339.75,100.5501,-80.6332,
Villavicencio,2019,industria2,Optimal,2949.02,2754.07,610.64,94.6409,-78.4293,
Villavicencio,2020,datacenter,Optimal,5000.0,8083.73,1471.0,65.2415,-56.7842,
Villavicencio,2020,industria1,Optimal,1996.41,833.44,270.76,94.9814,-75.4091,
Villavicencio,2020,industria2,Optimal,2871.97,2589.71,523.36,91.0807,-72.7342,
Villavicencio,2021,datacenter,Optimal,3083.95,1588.83,430.98,28.7912,-27.0789,
Villavicencio,2021,industria1,Optimal,1109.75,339.28,207.88,54.0508,-28.4113,
Villavicencio,2021,industria2,Optimal,1525.86,685.17,186.26,43.0333,-31.2148,
Villavicencio,2022,datacenter,Optimal,4165.63,3972.16,892.86,44.9258,-32.4645,
Villavicencio,2022,industria1,Optimal,1454.08,350.85,164.05,66.3881,-39.5285,
Villavicencio,2022,industria2,Optimal,2094.66,1241.4,285.66,60.7153,-40.6495,
Villavicencio,2023,datacenter,Optimal,5000.0,6866.51,1402.3,61.0929,-109.7952,
Villavicencio,2023,industria1,Optimal,3707.28,3971.0,1034.05,215.8025,-252.1462,
Villavicencio,2023,industria2,Optimal,4516.89,5670.55,1182.71,158.1918,-191.5451,
Yopal,2005,datacenter,Optimal,5000.0,11384.71,1958.85,76.8869,-47.5889,
Yopal,2005,industria1,Optimal,1000.0,720.86,414.81,58.0376,-41.8255,
Yopal,2005,industria2,Optimal,1823.82,2684.89,538.19,70.323,-52.7378,
Yopal,2006,datacenter,Optimal,5000.0,10666.44,1910.55,74.4287,-42.5065,
Yopal,2006,industria1,Optimal,1000.0,638.55,416.18,56.633,-37.2205,
Yopal,2006,industria2,Optimal,1851.4,2569.36,539.9,69.7616,-47.9863,
Yopal,2007,datacenter,Optimal,5000.0,11959.58,2073.2,78.9535,-66.0295,
Yopal,2007,industria1,Optimal,1132.44,1123.39,490.47,70.2441,-60.9593,
Yopal,2007,industria2,Optimal,1985.82,3014.37,597.57,77.1683,-73.8128,
Yopal,2008,datacenter,Optimal,5000.0,11887.24,2068.0,78.7055,-74.3084,
Yopal,2008,industria1,Optimal,1270.87,1518.7,583.51,82.6607,-69.8615,
Yopal,2008,industria2,Optimal,2087.62,3158.33,660.31,80.9455,-81.9904,
Yopal,2009,datacenter,Optimal,5000.0,11436.79,1965.45,77.0692,-87.7853,
Yopal,2009,industria1,Optimal,1645.37,1684.08,456.86,98.1703,-95.4971,
Yopal,2009,industria2,Optimal,2494.96,3103.17,591.27,88.5879,-100.2218,
Yopal,2010,datacenter,Optimal,5000.0,11852.97,2015.6,78.5226,-98.3394,
Yopal,2010,industria1,Optimal,1602.47,1998.86,604.59,103.0244,-107.4633,
Yopal,2010,industria2,Optimal,2438.5,3522.23,712.82,92.0243,-114.3801,
Yopal,2011,datacenter,Optimal,5000.0,11315.47,2003.05,76.7139,-72.6119,
Yopal,2011,industria1,Optimal,1265.13,1448.58,614.45,81.4579,-68.2932,
Yopal,2011,industria2,Optimal,2067.95,3192.64,656.32,80.8607,-81.8146,
Yopal,2012,datacenter,Optimal,5000.0,11967.18,2053.5,78.953,-101.5571,
Yopal,2012,industria1,Optimal,1568.99,1902.14,570.08,99.9215,-107.0887,
Yopal,2012,industria2,Optimal,2407.46,3352.59,657.78,89.4917,-114.4047,
Yopal,2013,datacenter,Optimal,5000.0,11382.31,1991.15,76.9212,-125.1359,
Yopal,2013,industria1,Optimal,2303.0,2096.06,533.2,129.5094,-160.6854,
Yopal,2013,industria2,Optimal,3274.55,4159.13,837.88,116.1491,-159.8858,
Yopal,2014,datacenter,Optimal,5000.0,11331.35,1997.47,76.7596,-133.4206,
Yopal,2014,industria1,Optimal,2817.15,2321.58,693.0,153.0277,-198.4239,
Yopal,2014,industria2,Optimal,3643.09,4396.73,929.39,126.4986,-182.7428,
Yopal,2015,datacenter,Optimal,5000.0,8343.49,1594.16,66.2689,-138.5456,
Yopal,2015,industria1,Optimal,3546.2,3858.02,1024.31,207.9794,-292.9306,
Yopal,2015,industria2,Optimal,4365.2,6156.64,1268.22,160.1736,-235.4795,
Yopal,2016,datacenter,Optimal,5000.0,7907.49,1546.55,64.7528,-89.4192,
Yopal,2016,industria1,Optimal,2905.44,2047.85,704.8,151.594,-158.8758,
Yopal,2016,industria2,Optimal,3706.69,3537.47,832.57,118.9608,-139.2543,
Yopal,2017,datacenter,Optimal,3610.31,4618.08,1000.0,43.3269,-31.4141,
Yopal,2017,industria1,Optimal,1001.66,391.88,271.89,51.4829,-31.2672,
Yopal,2017,industria2,Optimal,1691.96,1707.58,376.43,57.3113,-36.4666,
Yopal,2018,datacenter,Optimal,3880.93,4993.63,1040.13,46.5288,-33.6986,
Yopal,2018,industria1,Optimal,1100.5,434.5,245.13,55.6036,-35.2266,
Yopal,2018,industria2,Optimal,1812.28,1898.39,429.13,61.8966,-41.1965,
Yopal,2019,datacenter,Optimal,5000.0,7506.83,1490.5,63.3435,-60.3536,
Yopal,2019,industria1,Optimal,2192.33,1088.26,379.12,107.1641,-87.3521,
Yopal,2019,industria2,Optimal,3007.88,2646.41,597.96,94.7506,-81.5354,
Yopal,2020,datacenter,Optimal,5000.0,7573.07,1467.55,63.5343,-53.4508,
Yopal,2020,industria1,Optimal,2117.66,797.3,287.98,98.8553,-78.2193,
Yopal,2020,industria2,Optimal,2981.81,2419.76,553.37,91.7991,-72.8474,
Yopal,2021,datacenter,Optimal,2973.98,824.68,228.37,25.2071,-26.0184,
Yopal,2021,industria1,Optimal,1105.71,298.21,155.3,52.8447,-28.8756,
Yopal,2021,industria2,Optimal,1495.89,473.92,131.52,40.1135,-31.243,
Yopal,2022,datacenter,Optimal,3633.46,2092.7,550.25,34.4798,-30.5857,
Yopal,2022,industria1,Optimal,1604.27,290.58,125.85,70.5189,-41.1081,
Yopal,2022,industria2,Optimal,2179.97,742.02,182.29,57.1556,-40.3979,
Yopal,2023,datacenter,Optimal,5000.0,7168.49,1475.25,62.1954,-112.0832,
Yopal,2023,industria1,Optimal,4003.26,5385.77,1270.41,252.3848,-271.951,
Yopal,2023,industria2,Optimal,4602.93,6577.11,1344.82,169.5555,-201.5659,
